Customer_ID,Customer_Name,Email,Phone,City,State,Region,Join_Date
C0276,Gaurav Agarwal,gaurav.agarwal83@yahoo.com,7115122787,Varanasi,Uttar Pradesh,North,2024-02-17
C0094,Meera Agarwal,meera.agarwal98@outlook.com,7305665554,Trichy,Tamil Nadu,South,2021-03-19
C0007,Tanvi Pillai,tanvi.pillai6@outlook.com,7930075810,Jaipur,Rajasthan,North,2021-08-15
C0168,Ritika Sharma,ritika.sharma90@yahoo.com,8476908532,Kanpur,Uttar Pradesh,North,2020-01-13
C0091,Asha Rao,asha.rao38@gmail.com,9842800803,Mumbai,Maharashtra,West,2021-05-13
C0514,Rohan Pillai,no_domain,6753903309,Asansol,West Bengal,East,2023-09-09
C0363,Asha Desai,asha.desai22@gmail.com,6954570592,Tirupati,Andhra Pradesh,South,2024-04-07
C0229,Vikas Tiwari,vikas.tiwari34@yahoo.com,9330393232,Panaji,Goa,West,2023-06-07
C0193,Deepak Iyer,deepak.iyer33@outlook.com,7457944766,Muzaffarpur,Bihar,East,2020-06-15
C0483,Priya Sinha,priya.sinha52@outlook.com,8830955923,Karol Bagh,Delhi,North,2020-10-13
C0219,Meera Mishra,meera.mishra84@yahoo.com,8233654018,Bhopal,Madhya Pradesh,North,2024-06-25
C0181,Vinita Reddy,vinita.reddy40@outlook.com,8337911187,Mangaluru,Karnataka,South,2021-11-13
C0308,Tanvi Reddy,tanvi.reddy13@outlook.com,9917792874,Panipat,Haryana,North,2024-09-15
C0327,,pooja.ghosh78@outlook.com,9930598266,Hubli,Karnataka,South,2021-10-30
C0011,Ritika Tiwari,ritika.tiwari88@yahoo.com,6345938494,Panaji,Goa,West,2024-08-10
C0382,Deepa Bose,deepa.bose28@yahoo.com,6242485313,Chennai,Tamil Nadu,South,2023-04-30
C0372,Ishaan Bose,ishaan.bose19@outlook.com,8989575564,Surat,Gujarat,West,2021-05-21
C0031,Rohan Rao,rohan.rao57@outlook.com,6154318806,Kolkata,West Bengal,East,2023-08-28
C0495,Vikas Sharma,vikas.sharma26@outlook.com,8115115189,Karol Bagh,Delhi,North,2024-12-31
C0138,Raj Kaur,raj.kaur81@outlook.com,6431714152,Ahmedabad,Gujarat,West,2024-06-03
C0156,Tanvi Reddy,tanvi.reddy58@outlook.com,7760465943,Ranchi,Jharkhand,East,2020-03-29
C0085,Uday Singh,uday.singh2@yahoo.com,9213321496,Jorhat,Assam,East,2022-06-06
C0118,Gaurav Rao,gaurav.rao64@outlook.com,8646397165,Coimbatore,Tamil Nadu,South,2023-12-15
C0173,Preeti Desai,preeti.desai97@outlook.com,6470626529,Warangal,Telangana,South,2022-05-30
C0324,Sara Sharma,sara.sharma19@outlook.com,9182611003,Bikaner,Rajasthan,North,2021-09-04
C0332,Ritika Kumar,ritika.kumar24@yahoo.com,9698058121,Ahmedabad,Gujarat,West,2023-02-10
C0080,Aryan Chakraborty,aryan.chakraborty32@gmail.com,6767154083,New Delhi,Delhi,North,2020-11-08
C0453,Ankit Chopra,ankit.chopra20@gmail.com,8104096941,Bokaro,Jharkhand,East,2022-05-25
,Mohan Pillai,mohan.pillai88@outlook.com,6880839406,Panaji,Goa,West,2022-08-03
C0254,Vikram Bansal,vikram.bansal97@gmail.com,7746889670,Kozhikode,Kerala,South,2022-11-08
C0250,Rohit Nair,rohit.nair37@outlook.com,6215424112,Nainital,Uttarakhand,North,2022-06-01
C0341,Asha Pillai,asha.pillai49@yahoo.com,9491932454,Durgapur,West Bengal,East,2020-08-21
C0334,Shreya Dey,shreya.dey38@yahoo.com,9936626463,Patna,Bihar,East,2020-06-22
C0010,Ayesha Menon,ayesha.menon94@gmail.com,7596348124,Prayagraj,Uttar Pradesh,North,2022-02-16
C0279,Aarav Joshi,aarav.joshi58@yahoo.com,8424211872,Gaya,Bihar,East,2023-04-07
C0069,Kunal Rao,kunal.rao82@yahoo.com,9772966010,Warangal,Telangana,South,2021-05-04
C0418,Krishna Rao,krishna.rao53@gmail.com,8927142786,Guntur,Andhra Pradesh,South,2021-03-01
C0204,Divya Bose,divya.bose37@gmail.com,7392907427,Guwahati,Assam,East,2022-07-09
C0394,Ayesha Sharma,ayesha.sharma2@yahoo.com,7142763764,Ranchi,Jharkhand,East,2020-05-03
C0306,Megha Tiwari,megha.tiwari91@gmail.com,9356979659,Siliguri,West Bengal,East,2023-02-04
C0300,Sara Bose,sara.bose20@yahoo.com,9297438548,Berhampur,Odisha,East,2024-03-25
C0348,Palak Rao,palak.rao60@outlook.com,7470405910,Jabalpur,Madhya Pradesh,North,2020-02-20
C0056,Sara Desai,sara.desai50@outlook.com,7373506211,Dehradun,Uttarakhand,North,2020-03-31
C0516,Megha Shah,megha.shah19@outlook.com,abcdefghij,Silchar,Assam,East,2023-03-18
C0520,Palak Ghosh,palak.ghosh39@yahoo.com,9671159367,,Maharashtra,West,2022-02-15
C0159,Rohan Menon,rohan.menon49@outlook.com,8587173220,Dhanbad,Jharkhand,East,2022-11-01
C0223,Sanjay Rao,sanjay.rao22@outlook.com,9477470703,Nainital,Uttarakhand,North,2022-07-04
C0256,Neeraj Patel,neeraj.patel42@outlook.com,8274485243,Haridwar,Uttarakhand,North,2022-03-15
C0154,Swati Mukherjee,swati.mukherjee42@gmail.com,7384936197,Siliguri,West Bengal,East,2020-04-17
C0177,Varun Iyer,varun.iyer72@outlook.com,8177390472,Siliguri,West Bengal,East,2022-03-24
C0211,Neeraj Singh,neeraj.singh77@outlook.com,6778556450,Salem,Tamil Nadu,South,2022-11-21
C0290,Jatin Chakraborty,jatin.chakraborty49@yahoo.com,9503346325,Rourkela,Odisha,East,2020-06-13
C0077,Amit Singh,amit.singh60@gmail.com,6379340713,Cuttack,Odisha,East,2022-02-15
C0448,Varun Kumar,varun.kumar21@yahoo.com,6958128631,Faridabad,Haryana,North,2024-09-28
C0350,Sneha Rao,sneha.rao62@yahoo.com,9204821934,Bikaner,Rajasthan,North,2022-06-16
C0149,Preeti Gupta,preeti.gupta88@yahoo.com,8165015165,Bhopal,Madhya Pradesh,North,2022-03-26
C0447,Ankit Chopra,ankit.chopra22@yahoo.com,9506639535,Tirupati,Andhra Pradesh,South,2021-12-20
C0074,Swati Mishra,swati.mishra69@outlook.com,7624232414,Bhagalpur,Bihar,East,2021-03-25
C0003,Amit Iyer,amit.iyer54@gmail.com,9732719211,Bikaner,Rajasthan,North,2021-07-23
C0078,Shreya Mehta,shreya.mehta44@yahoo.com,8907464398,Guntur,Andhra Pradesh,South,2024-08-30
C0401,Ritika Das,ritika.das43@yahoo.com,8662484182,Chennai,Tamil Nadu,South,2020-05-10
C0517,Nisha Rao,nisha.rao53@outlook.com,00000000000,Chandigarh,Punjab,North,2023-07-21
C0488,Palak Das,palak.das43@yahoo.com,8728751749,Jalandhar,Punjab,North,2021-08-25
C0298,Palak Desai,palak.desai8@outlook.com,7772155012,Amritsar,Punjab,North,2023-10-22
C0064,Kunal Menon,kunal.menon54@outlook.com,7871318048,Mangaluru,Karnataka,South,2023-11-27
C0484,Amit Bhat,amit.bhat34@yahoo.com,9516907018,Ambala,Haryana,North,2024-02-17
C0282,Palak Gupta,palak.gupta20@yahoo.com,8546510829,Rajkot,Gujarat,West,2023-12-08
C0071,Chetan Patel,chetan.patel50@outlook.com,7858511779,Surat,Gujarat,West,2021-03-14
C0174,Gaurav Mishra,gaurav.mishra68@outlook.com,8148766522,Bokaro,Jharkhand,East,2021-03-27
C0034,Neeraj Mishra,neeraj.mishra20@gmail.com,8333754555,Berhampur,Odisha,East,2020-04-29
C0073,Zara Chopra,zara.chopra98@outlook.com,9612153089,Ranchi,Jharkhand,East,2020-01-13
C0079,Zara Joshi,zara.joshi3@outlook.com,6475767056,Mangaluru,Karnataka,South,2021-04-04
C0001,Gaurav Sharma,gaurav.sharma29@gmail.com,6826600539,Warangal,Telangana,South,2024-02-25
C0012,Ananya Mukherjee,ananya.mukherjee35@gmail.com,7709004943,Thrissur,Kerala,South,2024-11-29
C0339,Varun Mukherjee,varun.mukherjee43@yahoo.com,7422589929,Thrissur,Kerala,South,2021-10-18
C0023,Krishna Joshi,krishna.joshi28@outlook.com,7865523129,Silchar,Assam,East,2021-09-30
C0479,Sanjay Bose,sanjay.bose49@yahoo.com,9370581558,Khammam,Telangana,South,2021-03-22
C0491,Kiran Patel,kiran.patel53@outlook.com,9253785761,Udaipur,Rajasthan,North,2021-10-09
C0105,Neeraj Singh,neeraj.singh81@outlook.com,7556489494,Durgapur,West Bengal,East,2020-08-23
C0083,Sanjay Pillai,sanjay.pillai92@gmail.com,6735760237,Bhagalpur,Bihar,East,2023-11-15
C0186,Kunal Rao,kunal.rao76@gmail.com,8644748834,Amritsar,Punjab,North,2020-05-31
C0141,Raj Tiwari,raj.tiwari96@yahoo.com,6602866993,Ambala,Haryana,North,2020-06-03
C0019,Lakshmi Reddy,lakshmi.reddy82@outlook.com,7264109919,Madurai,Tamil Nadu,South,2022-02-04
C0357,Vikram Pillai,vikram.pillai46@yahoo.com,7973744799,Madurai,Tamil Nadu,South,2023-10-11
C0133,Rohit Kaur,rohit.kaur10@yahoo.com,8730900313,Panaji,Goa,West,2021-09-04
C0125,Preeti Kumar,preeti.kumar2@outlook.com,7540211187,Silchar,Assam,East,2024-11-18
C0102,Arjun Menon,arjun.menon81@gmail.com,8809129316,Coimbatore,Tamil Nadu,South,2020-06-15
C0040,Deepak Singh,deepak.singh65@yahoo.com,7474745382,Panaji,Goa,West,2024-12-09
C0471,Asha Chakraborty,asha.chakraborty8@outlook.com,7170455681,Jorhat,Assam,East,2021-09-29
C0047,Nisha Iyer,nisha.iyer10@outlook.com,7685823118,Mumbai,Maharashtra,West,2020-03-14
C0315,Kiran Sharma,kiran.sharma59@yahoo.com,6763395529,Bikaner,Rajasthan,North,2023-07-30
C0449,Ananya Mishra,ananya.mishra34@gmail.com,6467013765,Nagpur,Maharashtra,West,2020-12-14
C0366,Tanvi Iyer,tanvi.iyer70@gmail.com,9209968815,Rohini,Delhi,North,2024-02-16
C0178,Anjali Desai,anjali.desai10@yahoo.com,9715683222,Nashik,Maharashtra,West,2022-04-08
C0287,Neeraj Pillai,neeraj.pillai60@outlook.com,8876616079,Karol Bagh,Delhi,North,2020-02-14
C0347,Vinita Chakraborty,vinita.chakraborty14@gmail.com,6377818215,Thrissur,Kerala,South,2021-03-30
C0132,Kavita Gupta,kavita.gupta59@yahoo.com,6963968184,Guntur,Andhra Pradesh,South,2022-08-10
C0434,Arjun Chakraborty,arjun.chakraborty50@yahoo.com,7289086333,Siliguri,West Bengal,East,2021-04-29
C0457,Vivek Verma,vivek.verma60@yahoo.com,7998806471,Khammam,Telangana,South,2021-07-04
C0070,Rohan Rao,rohan.rao31@yahoo.com,8443285529,Hubli,Karnataka,South,2023-01-11
C0358,Sandeep Tiwari,sandeep.tiwari87@gmail.com,8226552991,Dehradun,Uttarakhand,North,2021-05-03
C0424,Uday Kaur,uday.kaur76@yahoo.com,6123407763,Belagavi,Karnataka,South,2020-05-12
C0335,Rahul Pillai,rahul.pillai88@yahoo.com,7249078381,Dibrugarh,Assam,East,2021-07-04
C0228,Vikram Agarwal,vikram.agarwal15@gmail.com,7635844374,Warangal,Telangana,South,2022-11-26
C0435,Sara Mukherjee,sara.mukherjee91@outlook.com,8709511014,Bhopal,Madhya Pradesh,North,2023-02-28
C0437,Deepa Verma,deepa.verma29@gmail.com,9100733897,Siliguri,West Bengal,East,2021-11-10
C0209,Raj Mehta,raj.mehta94@outlook.com,9219385981,Gandhinagar,Gujarat,West,2024-05-08
C0333,Yash Kumar,yash.kumar46@outlook.com,6740942859,Mumbai,Maharashtra,West,2023-05-09
C0221,Suraj Bansal,suraj.bansal11@outlook.com,9184747224,Jorhat,Assam,East,2022-05-31
C0286,Asha Singh,asha.singh8@yahoo.com,7651095672,Silchar,Assam,East,2022-04-30
C0325,Komal Pillai,komal.pillai50@outlook.com,8512151733,Siliguri,West Bengal,East,2024-03-27
C0185,Vivek Kaur,vivek.kaur81@yahoo.com,7572191734,Dhanbad,Jharkhand,East,2020-05-19
C0498,Sanjay Shah,sanjay.shah39@yahoo.com,9881503560,Bengaluru,Karnataka,South,2022-12-01
C0356,Mohan Rao,mohan.rao86@yahoo.com,8740992546,Madurai,Tamil Nadu,South,2022-03-06
C0321,Varun Chopra,varun.chopra8@outlook.com,6854674236,Margao,Goa,West,2020-12-16
C0196,Deepa Bhat,deepa.bhat3@yahoo.com,8293555835,Rourkela,Odisha,East,2021-03-14
C0336,Sandeep Joshi,sandeep.joshi9@gmail.com,9396311802,Faridabad,Haryana,North,2022-05-12
C0493,Arjun Sharma,arjun.sharma27@gmail.com,7625679392,Guntur,Andhra Pradesh,South,2024-05-27
C0451,Karan Bhat,karan.bhat56@gmail.com,6208724746,Prayagraj,Uttar Pradesh,North,2021-11-09
C0153,,kavita.patel23@gmail.com,6241522640,Margao,Goa,West,2020-01-31
C0087,Megha Rao,megha.rao42@gmail.com,6399496923,Rourkela,Odisha,East,2024-12-10
C0432,Palak Sharma,palak.sharma61@outlook.com,8923390510,Hyderabad,Telangana,South,2023-04-11
C0076,Payal Tiwari,payal.tiwari69@gmail.com,9735540030,Gandhinagar,Gujarat,West,2023-03-01
C0458,Arjun Patel,arjun.patel86@yahoo.com,9912239392,Chennai,Tamil Nadu,South,2023-04-22
C0016,Komal Mukherjee,komal.mukherjee50@yahoo.com,9668132202,Bhubaneswar,Odisha,East,2021-05-29
C0422,Amit Chopra,amit.chopra13@yahoo.com,6963177562,Vijayawada,Andhra Pradesh,South,2024-06-13
C0183,Suresh Das,suresh.das14@gmail.com,8311818984,Surat,Gujarat,West,2020-12-21
C0474,Payal Reddy,payal.reddy88@gmail.com,7499933139,Patna,Bihar,East,2022-09-28
C0020,Komal Iyer,komal.iyer77@yahoo.com,9120912992,Guwahati,Assam,East,2020-08-17
C0398,Priya Verma,priya.verma56@gmail.com,9757448675,Kolkata,West Bengal,East,2023-05-31
C0057,Karan Sharma,karan.sharma47@yahoo.com,6813219781,Dibrugarh,Assam,East,2021-11-07
C0296,Pooja Iyer,pooja.iyer18@outlook.com,8351429015,Jaipur,Rajasthan,North,2024-07-28
C0343,Nisha Rao,nisha.rao53@outlook.com,9249442440,Chandigarh,Punjab,North,2023-07-21
C0441,Karan Mukherjee,karan.mukherjee23@outlook.com,8339699130,Ambala,Haryana,North,2023-09-25
C0405,Lakshmi Tiwari,lakshmi.tiwari92@outlook.com,9341071485,Karol Bagh,Delhi,North,2021-10-21
C0026,Arjun Gupta,arjun.gupta43@gmail.com,7399012686,Bengaluru,Karnataka,South,2023-10-02
C0262,Nisha Desai,nisha.desai95@outlook.com,6857820386,Silchar,Assam,East,2020-10-09
C0043,Jatin Joshi,jatin.joshi96@outlook.com,7392431670,Chennai,Tamil Nadu,South,2021-07-31
C0495,,vikas.sharma26@outlook.com,8115115189,Karol Bagh,Delhi,North,2024-12-31
C0272,Kunal Nair,kunal.nair42@yahoo.com,6925412179,Udaipur,Rajasthan,North,2020-07-02
C0210,Rohit Gupta,rohit.gupta7@gmail.com,9786069196,Chandigarh,Punjab,North,2024-06-13
C0288,Vikram Joshi,vikram.joshi75@gmail.com,6554941605,Pune,Maharashtra,West,2021-12-06
C0127,Simran Dey,simran.dey41@outlook.com,9680911523,Margao,Goa,West,2020-03-14
C0415,Vikram Singh,vikram.singh56@outlook.com,7354231714,Ranchi,Jharkhand,East,2021-08-20
C0032,Aditya Singh,aditya.singh53@yahoo.com,9329509408,Howrah,West Bengal,East,2024-11-05
C0114,Gaurav Chakraborty,gaurav.chakraborty85@outlook.com,9543721204,Patna,Bihar,East,2020-04-21
C0361,Asha Mishra,asha.mishra41@yahoo.com,6485515372,Surat,Gujarat,West,2020-01-20
C0291,Jatin Bhat,jatin.bhat23@outlook.com,9667840357,Bhopal,Madhya Pradesh,North,2020-09-17
C0155,Ishaan Das,ishaan.das96@gmail.com,9581331845,Bhubaneswar,Odisha,East,2024-05-12
C0058,Sara Kaur,sara.kaur65@yahoo.com,9450236225,Madurai,Tamil Nadu,South,2022-04-04
C0212,Priya Bose,priya.bose55@gmail.com,8358303887,Vadodara,Gujarat,West,2023-03-14
C0025,Aryan Agarwal,aryan.agarwal71@gmail.com,7107721109,Aurangabad,Maharashtra,West,2020-05-25
C0018,Karan Shah,karan.shah93@outlook.com,8637500247,Visakhapatnam,Andhra Pradesh,South,2024-04-09
C0246,Vivek Gupta,vivek.gupta7@yahoo.com,9760756497,Ahmedabad,Gujarat,West,2022-05-06
C0067,Rahul Tiwari,rahul.tiwari18@yahoo.com,8910943524,Salem,Tamil Nadu,South,2024-12-30
C0230,Rohit Bose,rohit.bose16@gmail.com,6585377142,Faridabad,Haryana,North,2020-12-19
C0226,Aryan Gupta,aryan.gupta50@outlook.com,6749715626,Gwalior,Madhya Pradesh,North,2020-11-10
C0095,Megha Joshi,megha.joshi13@gmail.com,8344258191,Dhanbad,Jharkhand,East,2022-01-09
C0463,Aryan Singh,aryan.singh71@yahoo.com,8658010933,Bhagalpur,Bihar,East,2022-07-27
C0285,Kiran Shah,kiran.shah15@outlook.com,7869784803,Thrissur,Kerala,South,2023-04-09
C0024,Vinita Kaur,vinita.kaur67@yahoo.com,6366186631,Jabalpur,Madhya Pradesh,North,2021-04-05
C0245,Uday Reddy,uday.reddy41@gmail.com,9231556899,Panaji,Goa,West,2021-07-01
C0423,Jatin Kumar,jatin.kumar29@gmail.com,7984412594,Mumbai,Maharashtra,West,2022-03-31
C0376,Swati Dey,swati.dey51@gmail.com,9985673417,Belagavi,Karnataka,South,2021-03-09
C0006,Anjali Das,anjali.das49@gmail.com,8990566476,Visakhapatnam,Andhra Pradesh,South,2023-07-11
C0117,Priya Bose,priya.bose71@gmail.com,9200082623,Kanpur,Uttar Pradesh,North,2021-04-05
C0046,Simran Chakraborty,simran.chakraborty21@outlook.com,9692362342,Vadodara,Gujarat,West,2023-12-16
C0408,Rohit Chakraborty,rohit.chakraborty12@outlook.com,9108556837,Amritsar,Punjab,North,2022-01-25
C0017,Aditya Kaur,aditya.kaur97@yahoo.com,8219778234,Trichy,Tamil Nadu,South,2021-08-24
C0485,Ananya Pillai,ananya.pillai44@outlook.com,7836928463,Jamshedpur,Jharkhand,East,2022-12-30
C0371,Ritika Dey,ritika.dey18@yahoo.com,6397773877,Guwahati,Assam,East,2024-11-10
C0004,Aarav Chakraborty,aarav.chakraborty44@yahoo.com,7331191390,Varanasi,Uttar Pradesh,North,2024-04-12
C0275,Neeraj Bhat,neeraj.bhat64@gmail.com,9392956587,Vasco da Gama,Goa,West,2021-01-29
C0427,Nisha Shah,nisha.shah24@yahoo.com,8578901124,Indore,Madhya Pradesh,North,2024-12-14
C0061,Nisha Desai,nisha.desai60@yahoo.com,9825449223,Dhanbad,Jharkhand,East,2021-03-13
C0111,Karan Bhat,karan.bhat61@yahoo.com,9457887167,Gurugram,Haryana,North,2021-10-19
C0330,Ayesha Singh,ayesha.singh49@outlook.com,7894198823,Warangal,Telangana,South,2022-03-08
C0273,Pooja Iyer,pooja.iyer54@gmail.com,6997866344,Noida,Delhi,North,2022-03-24
C0030,Divya Gupta,divya.gupta69@yahoo.com,7552991960,Jodhpur,Rajasthan,North,2021-01-10
C0281,Komal Chopra,komal.chopra89@gmail.com,8494647257,Jorhat,Assam,East,2023-06-12
C0412,Varun Dey,varun.dey27@outlook.com,7550773824,Chandigarh,Punjab,North,2022-10-04
C0027,Asha Mehta,asha.mehta93@outlook.com,9360916298,Panaji,Goa,West,2024-05-25
C0008,Chetan Dey,chetan.dey49@yahoo.com,9782560971,Kolkata,West Bengal,East,2024-09-04
C0182,Krishna Singh,krishna.singh68@outlook.com,7933468715,Guwahati,Assam,East,2021-12-16
C0473,Rahul Verma,rahul.verma47@outlook.com,7394181098,Visakhapatnam,Andhra Pradesh,South,2022-01-24
C0109,Shreya Menon,shreya.menon12@gmail.com,6921155204,Hyderabad,Telangana,South,2023-10-08
C0038,Zara Kaur,zara.kaur34@gmail.com,8356287095,Dhanbad,Jharkhand,East,2021-06-27
C0158,Asha Bose,asha.bose11@yahoo.com,7170525764,Visakhapatnam,Andhra Pradesh,South,2020-09-15
C0489,Payal Dey,payal.dey7@outlook.com,6607042021,Salem,Tamil Nadu,South,2024-12-26
C0119,Ritika Desai,ritika.desai32@yahoo.com,7511872350,Panipat,Haryana,North,2021-01-25
C0115,Meera Reddy,meera.reddy81@yahoo.com,6318568997,Jabalpur,Madhya Pradesh,North,2021-06-30
C0426,Ankit Shah,ankit.shah93@yahoo.com,9131656371,Bokaro,Jharkhand,East,2022-02-22
C0176,Raj Mishra,raj.mishra1@yahoo.com,9288650860,Thiruvananthapuram,Kerala,South,2020-09-21
C0205,Kavita Ghosh,kavita.ghosh29@yahoo.com,8128636900,Bhubaneswar,Odisha,East,2022-04-29
C0370,Rohan Menon,rohan.menon42@outlook.com,8410669201,Panaji,Goa,West,2023-03-18
C0145,Aryan Bhat,aryan.bhat84@yahoo.com,6250084428,Guntur,Andhra Pradesh,South,2020-04-02
C0195,Chetan Mishra,chetan.mishra83@yahoo.com,7819532005,Margao,Goa,West,2023-12-10
C0384,Nisha Bose,nisha.bose10@gmail.com,9195918514,Rajkot,Gujarat,West,2024-02-05
C0396,Kiran Joshi,kiran.joshi11@outlook.com,7967647911,Hubli,Karnataka,South,2020-11-14
C0377,Suraj Joshi,suraj.joshi44@outlook.com,7707890457,Kozhikode,Kerala,South,2024-10-11
C0487,Kunal Patel,kunal.patel88@yahoo.com,6338642889,Warangal,Telangana,South,2021-12-28
C0239,Rohan Patel,rohan.patel65@outlook.com,7735449477,Chandigarh,Punjab,North,2023-04-04
C0465,Deepak Tiwari,deepak.tiwari13@yahoo.com,8541189818,Trichy,Tamil Nadu,South,2021-06-24
C0142,Kavita Chakraborty,kavita.chakraborty72@yahoo.com,6948988297,Asansol,West Bengal,East,2022-03-19
C0407,Ankit Shah,ankit.shah6@yahoo.com,6599391065,Siliguri,West Bengal,East,2024-11-08
C0068,Preeti Menon,preeti.menon71@yahoo.com,7898493949,Silchar,Assam,East,2024-10-30
C0232,Komal Bose,komal.bose66@gmail.com,6315801027,Kanpur,Uttar Pradesh,North,2024-06-10
C0169,Manish Dey,manish.dey85@yahoo.com,6252336745,Gandhinagar,Gujarat,West,2024-02-26
C0189,Meera Agarwal,meera.agarwal65@gmail.com,6583745511,Nainital,Uttarakhand,North,2020-07-30
C0238,Palak Bansal,palak.bansal11@yahoo.com,7781887358,Jorhat,Assam,East,2023-02-02
C0391,Meera Das,meera.das83@gmail.com,7631381642,Muzaffarpur,Bihar,East,2022-03-01
C0312,Sneha Joshi,sneha.joshi59@gmail.com,8281747678,Panipat,Haryana,North,2020-10-13
C0194,Kavita Tiwari,kavita.tiwari84@outlook.com,9238460786,Gwalior,Madhya Pradesh,North,2023-05-03
C0082,Uday Shah,uday.shah21@yahoo.com,6721358005,Dehradun,Uttarakhand,North,2020-02-22
C0110,Ritika Pillai,ritika.pillai61@outlook.com,9398668350,Noida,Delhi,North,2021-01-06
C0263,Nisha Iyer,nisha.iyer68@yahoo.com,8285953213,Thrissur,Kerala,South,2022-07-30
C0146,Ananya Mishra,ananya.mishra13@gmail.com,7517305280,Gurugram,Haryana,North,2022-07-18
C0093,Simran Bansal,simran.bansal40@yahoo.com,7229553265,Guntur,Andhra Pradesh,South,2024-01-17
C0153,Kavita Patel,kavita.patel23@gmail.com,6241522640,Margao,Goa,West,2020-01-31
C0353,Simran Iyer,simran.iyer30@yahoo.com,7300131434,Berhampur,Odisha,East,2023-08-04
C0411,Amit Gupta,amit.gupta82@outlook.com,6459722166,Margao,Goa,West,2020-01-03
C0278,Shreya Singh,shreya.singh24@gmail.com,9447464644,Patna,Bihar,East,2021-05-23
C0084,Rahul Kumar,rahul.kumar73@gmail.com,8672030854,Chandigarh,Punjab,North,2022-05-27
C0104,Kunal Mishra,kunal.mishra37@outlook.com,8854827139,Noida,Delhi,North,2024-10-26
C0166,Nitin Patel,nitin.patel14@yahoo.com,8223357166,Faridabad,Haryana,North,2024-04-10
C0164,Arjun Pillai,arjun.pillai43@outlook.com,6541102414,Vasco da Gama,Goa,West,2021-12-25
C0200,Anjali Desai,anjali.desai57@outlook.com,8907873857,Indore,Madhya Pradesh,North,2024-03-13
C0251,Jatin Sinha,jatin.sinha98@yahoo.com,8148578655,Nizamabad,Telangana,South,2022-03-31
C0075,Ritika Desai,ritika.desai50@yahoo.com,9877583839,Gurugram,Haryana,North,2020-12-04
C0469,Asha Dey,asha.dey18@yahoo.com,9931109347,Coimbatore,Tamil Nadu,South,2024-08-18
C0235,Yash Ghosh,yash.ghosh17@yahoo.com,6583156434,Ranchi,Jharkhand,East,2022-08-12
C0499,Sneha Desai,sneha.desai63@yahoo.com,7277042316,Vadodara,Gujarat,West,2024-07-20
C0120,Jatin Dey,jatin.dey99@yahoo.com,8945805127,Hubli,Karnataka,South,2022-11-05
C0292,Palak Ghosh,palak.ghosh39@yahoo.com,9671159367,Mumbai,Maharashtra,West,2022-02-15
C0433,Pooja Shah,pooja.shah85@gmail.com,8673044801,Coimbatore,Tamil Nadu,South,2024-07-29
C0456,Ravi Singh,ravi.singh24@yahoo.com,9496642020,Margao,Goa,West,2021-01-17
C0368,Harsha Chakraborty,harsha.chakraborty95@outlook.com,8863166250,Howrah,West Bengal,East,2023-06-03
C0417,Ritika Gupta,ritika.gupta18@outlook.com,6266870811,Mysuru,Karnataka,South,2020-08-04
C0248,Komal Nair,komal.nair64@yahoo.com,9124885365,Silchar,Assam,East,2020-07-03
C0266,Suresh Iyer,suresh.iyer16@outlook.com,9523625992,Nizamabad,Telangana,South,2024-08-03
C0269,Ritika Patel,ritika.patel95@outlook.com,7360337343,Trichy,Tamil Nadu,South,2020-04-13
C0313,Asha Shah,asha.shah8@outlook.com,6179811669,Vasco da Gama,Goa,West,2024-08-02
C0399,Arjun Mishra,arjun.mishra2@outlook.com,7853229478,Lucknow,Uttar Pradesh,North,2020-01-24
C0511,Sandeep Tiwari,notanemail,8226552991,Dehradun,Uttarakhand,North,2021-05-03
C0037,Priya Chopra,priya.chopra32@outlook.com,6765055833,Trichy,Tamil Nadu,South,2020-06-16
C0197,Sneha Chakraborty,sneha.chakraborty29@gmail.com,7182855381,Faridabad,Haryana,North,2021-08-28
C0140,Zara Shah,zara.shah70@yahoo.com,8991713190,Jodhpur,Rajasthan,North,2020-12-02
C0389,Vikas Bansal,vikas.bansal18@gmail.com,8792156071,Rourkela,Odisha,East,2020-06-21
C0439,Kavita Pillai,kavita.pillai68@yahoo.com,6501140044,Ahmedabad,Gujarat,West,2023-12-13
C0302,Yash Desai,yash.desai18@yahoo.com,7373799489,Vasco da Gama,Goa,West,2021-02-20
C0419,Vivek Mishra,vivek.mishra16@gmail.com,7967150570,Guntur,Andhra Pradesh,South,2023-11-06
C0060,Lakshmi Menon,lakshmi.menon52@outlook.com,6426283245,Dhanbad,Jharkhand,East,2021-08-10
C0470,Shreya Joshi,shreya.joshi25@yahoo.com,7984730446,Bhubaneswar,Odisha,East,2022-04-13
C0249,Vikram Reddy,vikram.reddy28@outlook.com,8152246275,Vijayawada,Andhra Pradesh,South,2020-04-13
C0112,Divya Dey,divya.dey53@outlook.com,9409471503,Kanpur,Uttar Pradesh,North,2023-09-18
C0090,Meera Singh,meera.singh63@outlook.com,7841536135,Asansol,West Bengal,East,2022-09-02
C0462,Nisha Singh,nisha.singh81@gmail.com,8443328397,Cuttack,Odisha,East,2024-01-29
C0267,Suresh Chakraborty,suresh.chakraborty6@yahoo.com,6471904990,Vadodara,Gujarat,West,2022-06-24
C0375,Uday Rao,uday.rao75@gmail.com,6884832186,Ambala,Haryana,North,2022-07-27
C0151,Akash Verma,akash.verma17@outlook.com,7173669588,Kochi,Kerala,South,2024-08-26
C0397,Shreya Chopra,shreya.chopra40@outlook.com,9883786839,Ranchi,Jharkhand,East,2024-09-29
C0039,Vikram Patel,vikram.patel41@gmail.com,6592080329,Jalandhar,Punjab,North,2023-06-26
C0326,Jatin Mukherjee,jatin.mukherjee96@yahoo.com,6204889313,Belagavi,Karnataka,South,2022-06-14
C0199,Ishaan Menon,ishaan.menon21@gmail.com,7874364348,Gaya,Bihar,East,2022-06-15
C0303,Simran Bhat,simran.bhat48@gmail.com,7155337035,Mangaluru,Karnataka,South,2021-07-03
C0147,Uday Kaur,uday.kaur76@outlook.com,7545478870,Margao,Goa,West,2023-09-03
C0409,Mohan Mishra,mohan.mishra95@outlook.com,7598137488,Dhanbad,Jharkhand,East,2022-01-24
C0148,Deepak Ghosh,deepak.ghosh36@gmail.com,8333291547,Panipat,Haryana,North,2022-06-27
C0318,Divya Tiwari,divya.tiwari20@gmail.com,7765484610,Trichy,Tamil Nadu,South,2022-12-14
C0297,Sara Pillai,sara.pillai31@yahoo.com,7808897689,Rishikesh,Uttarakhand,North,2022-12-03
C0124,Varun Chopra,varun.chopra5@gmail.com,8207765664,Rajkot,Gujarat,West,2024-11-25
C0383,Palak Reddy,palak.reddy2@outlook.com,8977364141,Visakhapatnam,Andhra Pradesh,South,2020-09-03
C0097,Sakshi Bose,sakshi.bose14@gmail.com,8604011128,Rajkot,Gujarat,West,2022-09-07
C0144,Uday Kumar,uday.kumar4@outlook.com,8755070775,Asansol,West Bengal,East,2021-03-29
C0240,Kiran Shah,kiran.shah73@gmail.com,6187212377,Rishikesh,Uttarakhand,North,2020-04-03
C0322,Chetan Nair,chetan.nair73@gmail.com,6346709900,Rourkela,Odisha,East,2021-03-08
C0098,Preeti Agarwal,preeti.agarwal33@yahoo.com,6982739959,Lucknow,Uttar Pradesh,North,2020-05-13
C0472,Vinita Patel,vinita.patel23@gmail.com,7998696871,Guwahati,Assam,East,2020-04-28
C0123,Vikas Gupta,vikas.gupta41@outlook.com,9857232668,Bhubaneswar,Odisha,East,2024-07-19
C0184,Kiran Chakraborty,kiran.chakraborty99@outlook.com,9598165815,Mysuru,Karnataka,South,2024-03-25
C0203,Mohan Mukherjee,mohan.mukherjee33@gmail.com,9498585961,Haridwar,Uttarakhand,North,2023-02-09
C0247,Rahul Dey,rahul.dey74@outlook.com,8303832812,Kanpur,Uttar Pradesh,North,2024-04-11
C0317,Rohan Iyer,rohan.iyer65@outlook.com,9965615974,Chandigarh,Punjab,North,2021-01-02
C0201,Vivek Gupta,vivek.gupta40@yahoo.com,7494966219,Panaji,Goa,West,2023-10-21
C0365,Neeraj Pillai,neeraj.pillai74@gmail.com,8932271276,Gurugram,Haryana,North,2023-01-17
C0311,Mohan Agarwal,mohan.agarwal73@gmail.com,9691247918,Asansol,West Bengal,East,2023-09-02
C0413,Arjun Patel,arjun.patel6@gmail.com,9852528635,Hyderabad,Telangana,South,2022-02-01
C0497,Rahul Gupta,rahul.gupta17@gmail.com,9640453426,Gwalior,Madhya Pradesh,North,2023-04-20
C0126,Kiran Singh,kiran.singh44@outlook.com,9797756796,Ambala,Haryana,North,2020-06-13
C0490,Meera Reddy,meera.reddy68@yahoo.com,9158048598,Salem,Tamil Nadu,South,2024-11-18
C0224,Anjali Das,anjali.das36@outlook.com,6180574838,Jabalpur,Madhya Pradesh,North,2023-10-06
C0519,Palak Bhat,palak.bhat19@gmail.com,6278158234,Vadodara,Gujarat,Unknown,2024-06-11
C0220,Uday Desai,uday.desai50@yahoo.com,7632794158,Bhagalpur,Bihar,East,2023-11-18
C0130,Sakshi Bansal,sakshi.bansal19@gmail.com,9707660630,Jabalpur,Madhya Pradesh,North,2023-10-28
C0438,Mohan Mukherjee,mohan.mukherjee92@gmail.com,8163947730,Vadodara,Gujarat,West,2020-02-14
C0299,Nisha Iyer,nisha.iyer45@outlook.com,9943751263,Gurugram,Haryana,North,2022-12-10
C0452,Nisha Mehta,nisha.mehta85@yahoo.com,8355065530,Rourkela,Odisha,East,2020-07-15
C0393,Vikas Dey,vikas.dey47@outlook.com,7918970742,Bokaro,Jharkhand,East,2022-08-22
C0403,Krishna Bansal,krishna.bansal99@gmail.com,6345247378,Kanpur,Uttar Pradesh,North,2024-02-26
C0369,Nisha Shah,nisha.shah27@gmail.com,6712112671,Haridwar,Uttarakhand,North,2021-12-19
C0305,Simran Mishra,simran.mishra25@outlook.com,6901955461,Pune,Maharashtra,West,2024-03-24
C0295,Ananya Rao,ananya.rao32@outlook.com,6531929128,Dehradun,Uttarakhand,North,2022-06-17
C0381,Krishna Verma,krishna.verma93@outlook.com,7560883210,Muzaffarpur,Bihar,East,2023-09-04
C0355,Nitin Mehta,nitin.mehta74@gmail.com,7492767278,Hyderabad,Telangana,South,2021-10-29
C0113,Vinita Ghosh,vinita.ghosh59@gmail.com,8371011200,Panaji,Goa,West,2021-10-24
C0180,Neeraj Ghosh,neeraj.ghosh56@gmail.com,7567804106,Bhopal,Madhya Pradesh,North,2023-04-21
C0319,Raj Ghosh,raj.ghosh51@gmail.com,8535968611,Gwalior,Madhya Pradesh,North,2022-07-29
C0425,Mohan Sinha,mohan.sinha12@yahoo.com,6145844821,Vijayawada,Andhra Pradesh,South,2022-08-02
C0342,Mohan Pillai,mohan.pillai88@outlook.com,6880839406,Panaji,Goa,West,2022-08-03
,Komal Gupta,komal.gupta10@gmail.com,6538642403,Prayagraj,Uttar Pradesh,North,2022-07-11
C0374,Ayesha Bhat,ayesha.bhat66@outlook.com,8845932321,Mangaluru,Karnataka,South,2024-12-01
C0234,Ishaan Menon,ishaan.menon40@yahoo.com,9664461415,Bengaluru,Karnataka,South,2022-04-21
C0513,Jatin Bhat,double@@gmail.com,9667840357,Bhopal,Madhya Pradesh,North,2020-09-17
C0323,Kunal Joshi,kunal.joshi88@yahoo.com,6292580427,New Delhi,Delhi,North,2024-10-07
C0165,Nisha Dey,nisha.dey77@yahoo.com,8211240259,Dwarka,Delhi,North,2023-03-29
C0137,Suraj Ghosh,suraj.ghosh78@yahoo.com,7783563240,Ludhiana,Punjab,North,2021-01-24
C0198,Deepak Reddy,deepak.reddy68@gmail.com,8922816526,Vasco da Gama,Goa,West,2023-06-19
C0259,Amit Menon,amit.menon84@outlook.com,7874597473,Ambala,Haryana,North,2020-04-15
C0233,Jatin Gupta,jatin.gupta47@outlook.com,8601873197,Gurugram,Haryana,North,2024-07-03
C0116,Ishaan Tiwari,ishaan.tiwari90@yahoo.com,6130998324,Jalandhar,Punjab,North,2023-07-14
C0121,Ritika Ghosh,ritika.ghosh93@yahoo.com,9259553112,Nagpur,Maharashtra,West,2022-07-03
C0362,Asha Patel,asha.patel72@outlook.com,9539304662,Kota,Rajasthan,North,2023-11-03
C0225,Vinita Bansal,vinita.bansal4@gmail.com,9137365109,Dibrugarh,Assam,East,2020-09-15
C0442,Lakshmi Chopra,lakshmi.chopra17@gmail.com,6853775825,Amritsar,Punjab,North,2023-03-19
C0349,Megha Kumar,megha.kumar11@gmail.com,7474015041,Jalandhar,Punjab,North,2021-09-30
C0128,Aryan Gupta,aryan.gupta96@gmail.com,9205702499,Ludhiana,Punjab,North,2024-04-06
C0286,Asha Singh,asha.singh8@yahoo.com,7651095672,Silchar,Assam,East,2022-04-30
C0429,Megha Verma,megha.verma50@gmail.com,9314166184,Hubli,Karnataka,South,2023-08-09
C0108,Vinita Joshi,vinita.joshi57@gmail.com,6563887247,Silchar,Assam,East,2024-02-13
C0385,Divya Kumar,divya.kumar39@gmail.com,9930496866,Kozhikode,Kerala,South,2024-07-23
C0337,Sandeep Nair,sandeep.nair33@gmail.com,9737594763,Hubli,Karnataka,South,2023-06-16
C0134,Nisha Bose,nisha.bose39@gmail.com,9618840705,Khammam,Telangana,South,2020-08-06
C0378,Asha Mukherjee,asha.mukherjee6@gmail.com,9117481970,Thiruvananthapuram,Kerala,South,2020-09-11
C0045,Raj Sinha,raj.sinha82@yahoo.com,8147337803,New Delhi,Delhi,North,2020-01-08
C0482,Sneha Joshi,sneha.joshi34@outlook.com,8302250101,Kozhikode,Kerala,South,2020-11-03
C0066,Divya Chakraborty,divya.chakraborty23@outlook.com,9153921577,Cuttack,Odisha,East,2023-02-15
C0284,Tanvi Singh,tanvi.singh8@outlook.com,7714933740,Ranchi,Jharkhand,East,2023-01-04
C0086,Tanvi Bhat,tanvi.bhat56@gmail.com,8761330848,Vijayawada,Andhra Pradesh,South,2024-07-13
C0243,Ayesha Bose,ayesha.bose57@yahoo.com,9598690974,Noida,Delhi,North,2021-02-21
C0187,Sanjay Rao,sanjay.rao8@yahoo.com,8182389284,Visakhapatnam,Andhra Pradesh,South,2023-08-13
C0400,Komal Nair,komal.nair22@yahoo.com,7905066256,Gwalior,Madhya Pradesh,North,2024-05-18
C0160,Karan Kumar,karan.kumar93@gmail.com,9584853393,Trichy,Tamil Nadu,South,2024-12-23
C0013,Sara Mehta,sara.mehta83@yahoo.com,7384412919,Panipat,Haryana,North,2020-10-12
C0036,Komal Verma,komal.verma24@gmail.com,6825003955,Guwahati,Assam,East,2024-10-31
C0029,Yash Rao,yash.rao8@yahoo.com,8959629660,New Delhi,Delhi,North,2024-10-30
C0171,Uday Mishra,uday.mishra7@gmail.com,7910069356,Thiruvananthapuram,Kerala,South,2023-06-19
C0143,Aditya Joshi,aditya.joshi59@yahoo.com,8727666622,Panaji,Goa,West,2022-02-19
C0416,Ravi Dey,ravi.dey90@outlook.com,8441511874,Thrissur,Kerala,South,2022-07-16
C0354,Karan Chopra,karan.chopra26@yahoo.com,9517509245,Aurangabad,Maharashtra,West,2020-01-10
C0222,Manish Iyer,manish.iyer14@gmail.com,8809656613,Amritsar,Punjab,North,2021-08-28
C0096,Lakshmi Mishra,lakshmi.mishra17@yahoo.com,6158546865,Aurangabad,Maharashtra,West,2023-02-07
C0052,Ananya Dey,ananya.dey26@yahoo.com,8427696198,Faridabad,Haryana,North,2024-08-07
C0241,Ravi Bhat,ravi.bhat54@outlook.com,6634764290,Bikaner,Rajasthan,North,2024-12-25
C0387,Krishna Rao,krishna.rao81@outlook.com,7542070132,Indore,Madhya Pradesh,North,2023-06-15
C0352,Sneha Bhat,sneha.bhat95@gmail.com,7692609167,Coimbatore,Tamil Nadu,South,2020-11-23
C0395,Vikram Reddy,vikram.reddy55@outlook.com,9188506190,Jalandhar,Punjab,North,2023-08-04
C0179,Zara Mishra,zara.mishra3@yahoo.com,7960413104,Salem,Tamil Nadu,South,2023-06-19
C0042,Sandeep Menon,sandeep.menon86@outlook.com,8812308209,Guwahati,Assam,East,2020-07-31
C0455,Sakshi Singh,sakshi.singh40@yahoo.com,9625163699,Gurugram,Haryana,North,2023-09-15
C0404,Aarav Verma,aarav.verma6@yahoo.com,8511221078,Pune,Maharashtra,West,2020-11-03
C0207,Amit Agarwal,amit.agarwal19@gmail.com,6408034406,Madurai,Tamil Nadu,South,2024-08-26
C0283,Kunal Chakraborty,kunal.chakraborty28@gmail.com,6664258474,Vasco da Gama,Goa,West,2022-07-03
C0359,Sanjay Kumar,sanjay.kumar89@gmail.com,9549080818,Kanpur,Uttar Pradesh,North,2023-05-06
C0255,Vinita Reddy,vinita.reddy5@gmail.com,8963251765,New Delhi,Delhi,North,2022-08-28
C0430,Rahul Bhat,rahul.bhat49@outlook.com,8615057244,Panaji,Goa,West,2023-01-20
C0005,Sneha Kumar,sneha.kumar13@yahoo.com,8748245888,Mangaluru,Karnataka,South,2021-06-25
C0257,Sandeep Pillai,sandeep.pillai91@outlook.com,8609912042,Thrissur,Kerala,South,2024-07-28
C0468,Ritika Sinha,ritika.sinha44@yahoo.com,8401019924,Bhopal,Madhya Pradesh,North,2024-09-22
C0101,Varun Rao,varun.rao76@yahoo.com,8710561240,Guntur,Andhra Pradesh,South,2023-06-25
C0227,Vivek Bansal,vivek.bansal98@gmail.com,7668503222,Jabalpur,Madhya Pradesh,North,2022-01-21
C0445,Priya Bansal,priya.bansal82@gmail.com,8579565240,Kochi,Kerala,South,2020-01-24
C0214,Kunal Verma,kunal.verma33@outlook.com,6483426624,Muzaffarpur,Bihar,East,2024-06-02
C0440,Vikram Pillai,vikram.pillai39@yahoo.com,7269118504,Madurai,Tamil Nadu,South,2024-02-08
C0172,Ankit Kaur,ankit.kaur57@outlook.com,9621475287,Hubli,Karnataka,South,2023-05-28
C0099,Vinita Nair,vinita.nair81@outlook.com,6262915636,Belagavi,Karnataka,South,2020-11-01
C0293,Pooja Gupta,pooja.gupta20@yahoo.com,7878488534,Guntur,Andhra Pradesh,South,2024-04-16
C0216,Swati Iyer,swati.iyer88@yahoo.com,9778321204,Kochi,Kerala,South,2021-01-08
C0062,Kunal Mukherjee,kunal.mukherjee37@outlook.com,8200273738,Lucknow,Uttar Pradesh,North,2024-08-03
C0048,Uday Pillai,uday.pillai56@gmail.com,6430989881,Panaji,Goa,West,2022-01-16
C0033,Vinita Sinha,vinita.sinha49@gmail.com,9384759615,Noida,Delhi,North,2024-05-24
C0268,Raj Das,raj.das26@outlook.com,8703462253,Faridabad,Haryana,North,2023-11-26
C0328,Amit Bhat,amit.bhat63@gmail.com,8693819730,Khammam,Telangana,South,2022-02-07
C0201,Vivek Gupta,vivek.gupta40@yahoo.com,7494966219,Panaji,Goa,West,2023-10-21
C0466,Vikas Bhat,vikas.bhat5@gmail.com,8532689999,Panipat,Haryana,North,2020-10-21
C0028,Kunal Mukherjee,kunal.mukherjee13@gmail.com,9480424119,Cuttack,Odisha,East,2022-05-17
C0406,Rahul Desai,rahul.desai10@outlook.com,8228205773,Kozhikode,Kerala,South,2022-10-25
C0231,Preeti Singh,preeti.singh91@gmail.com,8422076028,Kozhikode,Kerala,South,2024-10-09
C0261,Gaurav Mehta,gaurav.mehta41@yahoo.com,7543412542,Nashik,Maharashtra,West,2023-11-15
C0379,Komal Rao,komal.rao55@gmail.com,7797929178,Visakhapatnam,Andhra Pradesh,South,2021-09-10
C0289,Aryan Iyer,aryan.iyer61@gmail.com,8539017530,New Delhi,Delhi,North,2021-01-03
C0163,Chetan Singh,chetan.singh96@outlook.com,8971630639,Bhubaneswar,Odisha,East,2020-09-23
C0392,Gaurav Gupta,gaurav.gupta68@gmail.com,8439809925,Gurugram,Haryana,North,2020-09-27
C0443,Vikram Dey,vikram.dey24@outlook.com,8968449816,Ranchi,Jharkhand,East,2023-06-06
C0139,Preeti Verma,preeti.verma94@gmail.com,6416872439,Dhanbad,Jharkhand,East,2021-10-31
C0063,Priya Kaur,priya.kaur26@gmail.com,6149621604,Ludhiana,Punjab,North,2021-05-16
C0136,Vikram Joshi,vikram.joshi88@outlook.com,6751124015,Aurangabad,Maharashtra,West,2024-03-06
C0129,Deepak Rao,deepak.rao4@gmail.com,8954852540,Kanpur,Uttar Pradesh,North,2020-04-24
C0500,Vinita Sharma,vinita.sharma94@gmail.com,7888208775,Howrah,West Bengal,East,2020-02-14
C0009,Tanvi Shah,tanvi.shah27@outlook.com,8853573823,Gwalior,Madhya Pradesh,North,2023-10-31
C0327,Pooja Ghosh,pooja.ghosh78@outlook.com,9930598266,Hubli,Karnataka,South,2021-10-30
C0486,Kunal Tiwari,kunal.tiwari22@outlook.com,7415448230,Gwalior,Madhya Pradesh,North,2020-07-18
C0065,Vikas Nair,vikas.nair19@outlook.com,6906341966,Gaya,Bihar,East,2024-10-28
C0301,Kunal Gupta,kunal.gupta91@gmail.com,9161873231,Durgapur,West Bengal,East,2023-02-25
C0015,Tanvi Gupta,tanvi.gupta64@gmail.com,6217734861,Gandhinagar,Gujarat,West,2020-11-09
C0157,Sandeep Rao,sandeep.rao62@yahoo.com,9836691577,Mumbai,Maharashtra,West,2020-08-09
C0041,Aryan Sinha,aryan.sinha37@gmail.com,9995226828,Durgapur,West Bengal,East,2023-01-17
C0380,Komal Dey,komal.dey84@yahoo.com,8188498371,Hyderabad,Telangana,South,2022-01-31
C0480,Payal Mishra,payal.mishra75@gmail.com,6649233665,Silchar,Assam,East,2023-09-18
C0421,Rahul Bansal,rahul.bansal87@yahoo.com,8980564513,Patna,Bihar,East,2020-12-22
C0217,Jatin Singh,jatin.singh38@gmail.com,6949447049,Visakhapatnam,Andhra Pradesh,South,2021-02-12
C0410,Suraj Chakraborty,suraj.chakraborty98@gmail.com,7106848195,Bikaner,Rajasthan,North,2022-04-19
C0280,Aditya Joshi,aditya.joshi8@outlook.com,6599714064,Indore,Madhya Pradesh,North,2021-09-20
C0454,Deepa Mishra,deepa.mishra26@gmail.com,6322214072,Nainital,Uttarakhand,North,2020-12-15
C0450,Varun Shah,varun.shah12@yahoo.com,9856456108,Belagavi,Karnataka,South,2020-03-04
C0338,Mohan Rao,mohan.rao39@gmail.com,9456715514,Coimbatore,Tamil Nadu,South,2024-09-19
C0237,Arjun Ghosh,arjun.ghosh20@yahoo.com,7273910700,Trichy,Tamil Nadu,South,2021-10-22
C0208,Kunal Bose,kunal.bose58@outlook.com,6185068029,Rajkot,Gujarat,West,2020-02-08
C0213,Zara Shah,zara.shah47@gmail.com,6519246503,Belagavi,Karnataka,South,2024-11-23
C0296,Pooja Iyer,pooja.iyer18@outlook.com,8351429015,Jaipur,Rajasthan,North,2024-07-28
C0477,Palak Kaur,palak.kaur84@yahoo.com,6937844678,Udaipur,Rajasthan,North,2024-04-20
C0252,Ankit Pillai,ankit.pillai47@outlook.com,8178954113,Panaji,Goa,West,2022-03-02
C0512,Asha Desai,missing@,6954570592,Tirupati,Andhra Pradesh,South,2024-04-07
C0478,Aditya Nair,aditya.nair77@gmail.com,7371002172,Surat,Gujarat,West,2023-05-30
C0304,Varun Kaur,varun.kaur10@gmail.com,7614745610,Dehradun,Uttarakhand,North,2021-03-03
C0351,Vivek Agarwal,vivek.agarwal6@outlook.com,6124250578,Hubli,Karnataka,South,2024-10-05
C0270,Palak Bhat,palak.bhat13@yahoo.com,8870257350,Kolkata,West Bengal,East,2022-08-25
C0202,Preeti Rao,preeti.rao65@outlook.com,9274008639,Jalandhar,Punjab,North,2024-07-30
C0162,Sara Kaur,sara.kaur20@outlook.com,9172083844,Nizamabad,Telangana,South,2020-07-05
C0044,Nisha Bose,nisha.bose88@outlook.com,8642678844,Kochi,Kerala,South,2022-09-27
C0218,Anjali Agarwal,anjali.agarwal70@yahoo.com,8139321248,Jalandhar,Punjab,North,2024-03-22
C0402,Ravi Bose,ravi.bose64@yahoo.com,8159527291,Ranchi,Jharkhand,East,2022-10-20
C0191,Preeti Rao,preeti.rao47@yahoo.com,8515985367,Dibrugarh,Assam,East,2022-04-17
C0310,Palak Das,palak.das34@outlook.com,9416960306,Ahmedabad,Gujarat,West,2020-11-08
C0260,Megha Shah,megha.shah19@outlook.com,7133898577,Silchar,Assam,East,2023-03-18
C0106,Palak Bhat,palak.bhat19@gmail.com,6278158234,Vadodara,Gujarat,West,2024-06-11
C0054,Rohan Bansal,rohan.bansal87@outlook.com,8129635852,Silchar,Assam,East,2020-08-24
C0390,Rahul Iyer,rahul.iyer89@gmail.com,8320595661,Rishikesh,Uttarakhand,North,2022-11-26
C0002,Deepa Pillai,deepa.pillai4@gmail.com,7349817734,Bhubaneswar,Odisha,East,2022-10-31
C0461,Kavita Kumar,kavita.kumar22@gmail.com,7235491190,Vijayawada,Andhra Pradesh,South,2020-03-28
,Palak Rao,palak.rao60@outlook.com,7470405910,Jabalpur,Madhya Pradesh,North,2020-02-20
C0050,Yash Menon,yash.menon21@gmail.com,9126614158,Surat,Gujarat,West,2021-01-02
C0420,Sandeep Ghosh,sandeep.ghosh28@yahoo.com,7197939109,Dehradun,Uttarakhand,North,2023-12-27
C0081,Priya Patel,priya.patel73@gmail.com,9851044796,Gurugram,Haryana,North,2021-06-08
C0206,Ankit Chopra,ankit.chopra31@yahoo.com,6502559419,Jorhat,Assam,East,2021-04-04
C0035,Arjun Das,arjun.das7@outlook.com,9639931481,Thiruvananthapuram,Kerala,South,2024-10-12
C0431,Asha Bansal,asha.bansal50@yahoo.com,7127984900,Dhanbad,Jharkhand,East,2021-10-15
C0264,Sneha Iyer,sneha.iyer79@yahoo.com,7364697908,Gwalior,Madhya Pradesh,North,2021-07-25
C0428,Kiran Verma,kiran.verma83@yahoo.com,9542373256,Haridwar,Uttarakhand,North,2024-12-12
C0494,Deepa Patel,deepa.patel82@yahoo.com,9560662565,Nainital,Uttarakhand,North,2022-09-04
C0367,Rahul Mishra,rahul.mishra34@yahoo.com,6571447714,Rohini,Delhi,North,2024-11-07
C0092,Sanjay Kaur,sanjay.kaur61@outlook.com,8556881239,Dhanbad,Jharkhand,East,2024-03-07
C0340,Mohan Nair,mohan.nair51@yahoo.com,8889065340,Kochi,Kerala,South,2023-11-24
C0496,Shreya Chakraborty,shreya.chakraborty3@outlook.com,6772899961,Dibrugarh,Assam,East,2024-02-11
C0053,Pooja Gupta,pooja.gupta52@yahoo.com,8174539964,Pune,Maharashtra,West,2024-05-02
C0346,Chetan Kumar,chetan.kumar22@outlook.com,6704753177,Durgapur,West Bengal,East,2023-08-14
C0265,Sandeep Gupta,sandeep.gupta91@gmail.com,9440419907,Amritsar,Punjab,North,2022-09-09
C0242,Sakshi Bhat,sakshi.bhat32@outlook.com,9419367188,Jalandhar,Punjab,North,2022-07-17
C0014,Rahul Das,rahul.das34@outlook.com,9726563708,Vasco da Gama,Goa,West,2022-03-28
C0316,Megha Kaur,megha.kaur1@outlook.com,9112724887,Gurugram,Haryana,North,2020-02-04
C0089,Asha Mehta,asha.mehta44@yahoo.com,8696776072,Gwalior,Madhya Pradesh,North,2020-01-21
C0388,Preeti Dey,preeti.dey13@gmail.com,6733050169,Jaipur,Rajasthan,North,2024-02-04
C0274,Suraj Shah,suraj.shah2@yahoo.com,6459748735,Chandigarh,Punjab,North,2021-08-05
C0167,Rohan Pillai,rohan.pillai72@outlook.com,6753903309,Asansol,West Bengal,East,2023-09-09
C0329,Karan Shah,karan.shah11@outlook.com,8956905222,Bokaro,Jharkhand,East,2021-05-19
C0515,Vivek Mishra,vivek.mishra16@gmail.com,123,Guntur,Andhra Pradesh,South,2023-11-06
C0135,Priya Chopra,priya.chopra74@yahoo.com,8123557463,Dhanbad,Jharkhand,East,2024-08-26
C0307,Shreya Chakraborty,shreya.chakraborty60@outlook.com,8431165907,Jalandhar,Punjab,North,2021-06-19
C0139,Preeti Verma,preeti.verma94@gmail.com,6416872439,Dhanbad,Jharkhand,East,2021-10-31
C0320,Rahul Bose,rahul.bose88@gmail.com,6200395400,Durgapur,West Bengal,East,2022-04-10
C0244,Sneha Menon,sneha.menon92@yahoo.com,8528118701,Vadodara,Gujarat,West,2020-09-24
C0055,Ravi Shah,ravi.shah5@gmail.com,9471178705,Dhanbad,Jharkhand,East,2024-02-01
C0364,Palak Mishra,palak.mishra29@outlook.com,8280613009,Dwarka,Delhi,North,2024-05-17
C0051,Simran Mukherjee,simran.mukherjee35@gmail.com,6510751046,Cuttack,Odisha,East,2024-11-21
C0481,Uday Iyer,uday.iyer39@outlook.com,6617262695,Rishikesh,Uttarakhand,North,2020-05-10
C0175,Vikram Menon,vikram.menon27@yahoo.com,7923935280,New Delhi,Delhi,North,2020-10-08
C0446,Ravi Mehta,ravi.mehta45@yahoo.com,6873538202,Kolkata,West Bengal,East,2020-01-03
C0190,Sneha Bose,sneha.bose83@gmail.com,6366012797,Belagavi,Karnataka,South,2023-12-20
C0518,Sandeep Pillai,sandeep.pillai91@outlook.com,8609912042,Thrissur,Kerala,Central,2024-07-28
C0464,Aditya Mukherjee,aditya.mukherjee15@yahoo.com,7259128258,Nainital,Uttarakhand,North,2023-03-06
C0188,Deepa Menon,deepa.menon60@outlook.com,6582897882,Nainital,Uttarakhand,North,2024-07-16
C0476,Deepa Mishra,deepa.mishra7@gmail.com,7337673911,Nashik,Maharashtra,West,2023-08-18
C0170,Amit Singh,amit.singh49@yahoo.com,9466034277,Dibrugarh,Assam,East,2020-11-18
C0059,Sakshi Iyer,sakshi.iyer54@outlook.com,9827264603,Surat,Gujarat,West,2024-03-12
C0475,Vivek Shah,vivek.shah45@gmail.com,8904190892,Ambala,Haryana,North,2024-08-28
C0049,Anjali Sinha,anjali.sinha88@gmail.com,6479759538,Indore,Madhya Pradesh,North,2024-05-16
C0345,Megha Pillai,megha.pillai70@gmail.com,8853374076,Bhagalpur,Bihar,East,2024-07-21
C0236,Suresh Patel,suresh.patel76@gmail.com,7564520346,Vasco da Gama,Goa,West,2022-10-26
C0253,Vivek Chakraborty,vivek.chakraborty80@outlook.com,6238151258,Margao,Goa,West,2020-07-17
C0022,Asha Ghosh,asha.ghosh99@gmail.com,7808402051,Belagavi,Karnataka,South,2022-08-31
C0314,Ankit Chakraborty,ankit.chakraborty18@outlook.com,7172980019,Nashik,Maharashtra,West,2023-12-19
C0460,Priya Nair,priya.nair51@outlook.com,6639127345,Chandigarh,Punjab,North,2023-03-15
C0161,Pooja Desai,pooja.desai52@yahoo.com,6435596237,Thrissur,Kerala,South,2022-05-24
C0277,Sneha Mukherjee,sneha.mukherjee23@outlook.com,9987973565,Ludhiana,Punjab,North,2022-05-25
C0444,Palak Bhat,palak.bhat64@gmail.com,8900306310,Ranchi,Jharkhand,East,2020-06-08
C0192,Sneha Kaur,sneha.kaur81@outlook.com,8170772317,Dehradun,Uttarakhand,North,2021-11-06
C0386,Jatin Bhat,jatin.bhat68@outlook.com,6755325292,Ahmedabad,Gujarat,West,2023-08-24
C0294,Gaurav Verma,gaurav.verma31@gmail.com,6208337018,Bhubaneswar,Odisha,East,2023-05-01
C0414,Neeraj Das,neeraj.das13@outlook.com,7784205125,Belagavi,Karnataka,South,2024-08-06
C0492,Manish Chakraborty,manish.chakraborty43@outlook.com,7436525794,Mangaluru,Karnataka,South,2023-07-23
C0344,Sandeep Gupta,sandeep.gupta92@yahoo.com,9179419456,Warangal,Telangana,South,2022-07-08
C0258,Akash Bansal,akash.bansal54@outlook.com,8955508961,Thiruvananthapuram,Kerala,South,2024-01-25
C0309,Sara Tiwari,sara.tiwari41@yahoo.com,6704006325,Udaipur,Rajasthan,North,2024-11-04
C0150,Rohan Mehta,rohan.mehta12@outlook.com,7789024924,Salem,Tamil Nadu,South,2023-08-02
C0131,Manish Shah,manish.shah79@yahoo.com,7634366139,Lucknow,Uttar Pradesh,North,2023-04-09
C0152,Nisha Pillai,nisha.pillai43@gmail.com,6397721596,Jodhpur,Rajasthan,North,2024-10-24
C0360,Jatin Pillai,jatin.pillai24@yahoo.com,7695832844,Bhagalpur,Bihar,East,2020-12-07
C0100,Sandeep Singh,sandeep.singh72@yahoo.com,7932894596,Kolkata,West Bengal,East,2022-12-06
C0373,Vikram Nair,vikram.nair81@yahoo.com,9502838221,Gandhinagar,Gujarat,West,2022-07-14
C0088,Vivek Gupta,vivek.gupta44@gmail.com,9448981305,Tirupati,Andhra Pradesh,South,2021-01-07
C0459,Pooja Iyer,pooja.iyer67@yahoo.com,9714947283,Rohini,Delhi,North,2024-12-10
C0331,Sara Bansal,sara.bansal1@yahoo.com,9486458467,Chennai,Tamil Nadu,South,2024-04-08
C0215,Aryan Bansal,aryan.bansal99@outlook.com,8243247463,Kolkata,West Bengal,East,2020-03-31
C0467,Vinita Verma,vinita.verma89@gmail.com,6900742774,Muzaffarpur,Bihar,East,2022-08-31
C0122,Megha Bansal,megha.bansal59@yahoo.com,7848933239,Thrissur,Kerala,South,2021-05-04
C0021,Tanvi Sinha,tanvi.sinha8@gmail.com,6191969690,Ludhiana,Punjab,North,2024-02-07
C0072,Aryan Desai,aryan.desai70@yahoo.com,9166857303,Rourkela,Odisha,East,2021-02-27
C0107,Sanjay Menon,sanjay.menon57@gmail.com,9839462365,Dhanbad,Jharkhand,East,2021-09-14
C0271,Deepak Kaur,deepak.kaur71@gmail.com,9801038300,Ahmedabad,Gujarat,West,2024-12-08
C0436,Kavita Pillai,kavita.pillai70@yahoo.com,7626602103,Kota,Rajasthan,North,2020-03-18
C0103,Komal Gupta,komal.gupta10@gmail.com,6538642403,Prayagraj,Uttar Pradesh,North,2022-07-11
